"Kinoto", 36.42, 186
"Sandia", 58.72, 1017
"Tomate", 741.92, 720
"Frambuesa", 2052.37, 110
"Alcachofa", 124.72, 252
"Coliflor", 22.62, 465
"Tomate", 723.40, 891
"Zanahoria", 32.28, 540
"Frutilla", 300.01, 306
"Limon", 312.88, 644
"Batata", 19.38, 890
"Uva", 702.44, 282
"Frutilla", 274.78, 309
"TomCherry", 545.69, 182
"Brocoli", 364.70, 340
"Palta", 499.82, 400
"Banana", 70.38, 840
"Mandarina", 20.40, 1000
"Papa", 17.76, 1040
"Pepino", 34.65, 440
"Papa", 17.51, 960
"Zuccini", 82.24, 480
"Mandarina", 20.73, 1110
"Durazno", 130.88, 920
"Ciruela", 1008.71, 900
"Zuccini", 83.38, 558
"Zanahoria", 41.96, 528
"Caqui", 816.46, 119
"Caqui", 819.35, 83
"Naranja", 21.64, 850
"Cebolla", 72.46, 816
"Lima", 1454.17, 236
"Coliflor", 29.87, 570
"Naranja", 17.97, 1020
"Coliflor", 24.20, 420
"Repollo", 6.88, 784
"Rabanito", 243.37, 252
"Pomelo", 41.76, 819
"Zanahoria", 33.67, 654
"TomCherry", 549.15, 218
"TomCherry", 541.21, 226
"Repollo", 6.69, 798
"Palta", 507.16, 550
"Repollo", 8.33, 791
"Durazno", 160.29, 808
"Cebolla", 70.50, 808
"Lechuga", 36.67, 981
"Melon", 113.17, 392
"Palta", 1136.88, 428
"Frutilla", 314.65, 294
"Zuccini", 64.26, 636
"Durazno", 283.58, 856
"Pomelo", 50.48, 864
"Naranja", 15.12, 1110
"Zuccini", 72.95, 492
"Brocoli", 376.58, 352
"Morron", 3052.33, 588
"Naranja", 19.62, 1020
"Pera", 148.06, 1020
"Higo", 2510.91, 82
"Pepino", 25.83, 420
"Lima", 1000.19, 164
"Coliflor", 26.12, 405
"Durazno", 140.47, 792
"Naranja", 18.42, 1120
"Cebolla", 69.96, 744
"Uva", 737.14, 264
"Esparrago", 616.27, 172
"Papa", 16.63, 1030
"Durazno", 133.22, 872
"Morron", 2953.42, 702
"Choclo", 76.03, 342
"Limon", 341.62, 595
"Calabaza", 23.17, 816
"Pepino", 33.56, 505
"Naranja", 16.53, 1010
"Pomelo", 48.06, 1008
"Champignon", 3627.38, 115
"Sandia", 79.03, 747
"Pera", 151.14, 1180
"Pera", 127.71, 970
"Kinoto", 38.20, 168
"Cereza", 1119.98, 180
"Kinoto", 38.19, 210
"Repollo", 4.93, 693
"Naranja", 7.53, 870
"Banana", 61.12, 1180
"Pepino", 31.78, 475
"Palta", 1164.01, 444
"Kiwi", 425.67, 344
"Rabanito", 212.26, 300
"Papa", 14.86, 830
"Lechuga", 43.49, 1026
"Sandia", 60.93, 900
"Coliflor", 12.12, 520
"Caqui", 826.07, 113
"Coliflor", 30.87, 495
"Berenjena", 58.40, 588
"Brocoli", 372.94, 368
"Banana", 62.01, 1020
"Esparrago", 633.91, 224
"Durazno", 156.36, 936
"Mandarina", 21.17, 850
"Tomate", 799.46, 1080
"Palta", 1151.11, 468
"Zanahoria", 29.28, 480
"Lechuga", 27.78, 1026
"Durazno", 271.38, 920
"Frutilla", 320.04, 360
"Banana", 75.97, 1050
"Kinoto", 35.11, 238
"Acelga", 15.63, 1008
"Cereza", 1012.93, 210
"Zuccini", 69.20, 696
"Mandarina", 17.54, 1140
"TomCherry", 566.85, 182
"Morron", 2930.43, 552
"Apio", 70.57, 315
"Lima", 1276.74, 208
"Repollo", 3.20, 588
"Mandarina", 21.26, 800
"Morron", 2977.29, 702
"Tomate", 713.06, 828
"Lima", 1191.26, 190
"Durazno", 128.01, 800
"Palta", 462.04, 555
"Alcachofa", 145.88, 261
"Naranja", 17.02, 950
"Ciruela", 968.76, 819
"Morron", 2994.46, 612
"Lima", 1197.38, 230
"Kinoto", 36.70, 206
"Batata", 21.82, 1090
"Brocoli", 358.51, 400
"Uva", 709.16, 327
"Durazno", 153.10, 768
"Berenjena", 64.83, 600
"Zuccini", 90.87, 594
"Kiwi", 403.99, 460
"Esparrago", 595.40, 196
"Apio", 64.42, 300
"Champignon", 3695.01, 119
"Palta", 1188.33, 392
"Limon", 321.44, 609
"Batata", 24.44, 960
"Limon", 339.69, 784
"Sandia", 57.59, 774
"Durazno", 272.95, 648
"Lima", 1414.42, 194
"Higo", 2517.57, 81
"Ciruela", 966.52, 747
"Pepino", 39.79, 510
"Limon", 345.60, 686
"Champignon", 3579.87, 118
"Batata", 27.28, 1190
"Lima", 1242.27, 180
"Repollo", 6.57, 749
"Limon", 291.78, 749
"Caqui", 810.01, 100
"Banana", 68.37, 1150
"Apio", 73.53, 246
"Durazno", 273.82, 944
"Choclo", 47.80, 342
"Brocoli", 390.25, 452
"Apio", 57.75, 285
"Banana", 67.98, 1020
"Banana", 68.83, 1160
"Kiwi", 447.56, 360
"Mandarina", 14.61, 1190
"Durazno", 125.52, 856
"Manzana", 149.20, 930
"Repollo", 10.15, 693
"Papa", 20.82, 1170
"Frambuesa", 2071.64, 89
"Champignon", 3696.99, 90
"Repollo", 9.82, 623
"Ciruela", 912.40, 981
"Coliflor", 40.30, 415
"Palta", 1164.42, 436
"TomCherry", 567.02, 196
"TomCherry", 540.62, 172
"Kinoto", 33.69, 186
"Lima", 1387.23, 172
"Frutilla", 302.42, 291
"Kinoto", 31.13, 166
"Mandarina", 28.39, 940
"Ciruela", 981.07, 720
"Higo", 2509.90, 117
"Kinoto", 37.38, 228
"Calabaza", 21.48, 816
"Berenjena", 51.50, 606
"Palta", 1151.71, 388
"Sandia", 50.99, 990
"Pepino", 34.99, 465
"Repollo", 5.54, 658
"Mandarina", 17.28, 1160
"Batata", 21.84, 1070
"Morron", 2920.62, 546
"Alcachofa", 141.94, 291
"Durazno", 268.77, 704
"Durazno", 149.53, 800
"Lima", 1092.52, 202
"Alcachofa", 136.15, 279
"Batata", 15.88, 960
"Coliflor", 31.73, 590
"Mandarina", 18.32, 1150
"Durazno", 264.47, 704
"Kiwi", 440.84, 332
"Palta", 1121.16, 436
"Lima", 1197.18, 190
"Naranja", 10.42, 1200
"Higo", 2502.26, 117
"Brocoli", 382.52, 428
"Brocoli", 376.56, 468
"Tomate", 705.74, 792
"Acelga", 23.67, 756
"Sandia", 56.34, 1017
"Ciruela", 953.84, 909
"Acelga", 22.40, 954
"Cereza", 946.94, 180
"Durazno", 154.59, 848
"Lima", 1225.46, 212
"Zanahoria", 48.73, 582
"Choclo", 52.13, 258
"Apio", 47.53, 339
"Coliflor", 29.16, 430
"Palta", 494.48, 560
"Lima", 1396.00, 194
"Alcachofa", 143.95, 327
"Tomate", 732.22, 1053
"Naranja", 19.00, 970
"Durazno", 168.91, 664
"Acelga", 20.47, 954
"Kiwi", 436.77, 344
"TomCherry", 569.10, 178
"Lechuga", 41.08, 891
"Caqui", 873.05, 90
"Cereza", 1010.28, 178
"TomCherry", 561.85, 206
"Kinoto", 41.52, 192
"Melon", 94.60, 444
"Acelga", 23.24, 918
"Coliflor", 35.78, 485
"Ajo", 919.30, 82
"Zuccini", 90.12, 714
"Coliflor", 23.49, 435
"Morron", 2877.96, 582
"Morron", 2936.65, 600
"Kinoto", 23.89, 164
"Zuccini", 97.86, 534
"Choclo", 58.70, 249
"Banana", 67.74, 820
"Ciruela", 983.08, 837
"Ciruela", 990.60, 738
"Limon", 303.96, 588
"Naranja", 12.35, 1000
"Calabaza", 12.92, 896
"Ciruela", 1017.99, 864
"TomCherry", 546.36, 200
"Caqui", 838.28, 98
"Naranja", 14.04, 840
"Caqui", 819.18, 104
"Palta", 1124.87, 452
"Lechuga", 43.93, 864
"Banana", 63.12, 1120
"Calabaza", 18.82, 952
"Sandia", 59.72, 855
"Brocoli", 378.24, 336
"Frutilla", 298.88, 267
"Cereza", 1086.74, 212
"Zanahoria", 38.02, 648
"Naranja", 12.64, 1100
"Banana", 80.36, 870
"Banana", 52.39, 1090
"Frutilla", 276.31, 342
"Durazno", 258.62, 640
"Durazno", 145.21, 648
"Lima", 1197.46, 166
"Naranja", 12.04, 1070
"Ajo", 953.68, 103
"Lima", 1043.81, 230
"Apio", 48.43, 246
"Banana", 48.37, 820
"Alcachofa", 145.30, 321
"Lima", 1028.16, 198
"Calabaza", 21.29, 704
"Berenjena", 44.00, 576
"Kiwi", 420.28, 444
"Berenjena", 46.42, 480
"Tomate", 773.81, 981
"Tomate", 754.36, 891
"Morron", 2936.78, 492
"Tomate", 740.67, 828
"Caqui", 810.03, 119
"Mandarina", 21.34, 1060
"Brocoli", 354.57, 392
"Durazno", 258.77, 880
"Cereza", 1059.39, 192
"Lima", 1397.76, 214
"Lima", 1434.21, 206
"Frutilla", 317.47, 255
"Lima", 1351.50, 240
"TomCherry", 526.44, 216
"Batata", 23.09, 1180
"Morron", 3011.63, 672
"Esparrago", 608.07, 214
"Kinoto", 34.84, 188
"Durazno", 300.19, 640
"Morron", 2945.40, 516
"Choclo", 50.72, 279
"Lima", 1379.41, 172
"Pomelo", 48.81, 738
"Mandarina", 23.96, 900
"Palta", 480.49, 460
"Higo", 2503.60, 83
"Repollo", 6.66, 707
"Coliflor", 28.14, 450
"Calabaza", 24.23, 648
"Caqui", 816.55, 100
"Calabaza", 16.35, 792
"Papa", 18.25, 930
"Zanahoria", 32.82, 522
"Esparrago", 630.05, 226
"Brocoli", 381.80, 440
"Mandarina", 21.59, 880
"Apio", 43.05, 243
"Frutilla", 278.37, 285
"Frambuesa", 2011.97, 113
"Naranja", 19.32, 1060
"Pomelo", 53.01, 909
"Frutilla", 287.47, 252
"Lima", 1034.06, 222
"Repollo", 7.99, 686
"Cereza", 1050.09, 214
"Acelga", 15.25, 873
"Caqui", 842.36, 88
"Cereza", 1019.82, 186
"Acelga", 11.88, 963
"Champignon", 3538.22, 100
"Sandia", 55.79, 1080
"Lima", 1266.58, 166
"Rabanito", 194.24, 300
"Papa", 22.78, 1110
"Durazno", 178.29, 768
"Uva", 711.86, 309
"Naranja", 12.58, 1200
"Rabanito", 244.33, 306
"Pomelo", 47.56, 828
"Durazno", 152.58, 664
"Brocoli", 358.23, 460
"Pepino", 35.99, 460
"Palta", 493.88, 445
"Higo", 2417.00, 119
"Uva", 685.50, 303
"Limon", 323.19, 833
"Esparrago", 534.38, 176
"Rabanito", 240.76, 279
"Esparrago", 592.52, 182
"Cebolla", 61.21, 672
"Melon", 81.47, 472
"Lima", 1196.79, 188
"Zanahoria", 34.98, 552
"Berenjena", 42.24, 624
"Batata", 21.94, 1030
"Mandarina", 14.27, 1150
"Papa", 10.97, 830
"Lima", 1266.65, 230
"Alcachofa", 138.50, 288
"Berenjena", 48.29, 594
"Pepino", 41.09, 415
"Esparrago", 621.85, 168
"Higo", 2433.22, 103
"Mandarina", 17.64, 1020
"Tomate", 716.94, 963
"Uva", 693.12, 321
"Cereza", 1029.07, 202
"Papa", 25.43, 1080
"Kinoto", 32.48, 222
"Pepino", 42.37, 555
"Berenjena", 45.90, 720
"Lechuga", 26.86, 954
"Higo", 2523.02, 108
"Ajo", 897.46, 87
"Frambuesa", 2025.42, 104
"Cebolla", 56.02, 944
"Uva", 764.50, 282
"Frutilla", 308.80, 339
"Durazno", 281.48, 912
"Palta", 476.58, 470
"Naranja", 11.72, 1120
"Alcachofa", 155.17, 348
"Morron", 2957.22, 606
"Sandia", 59.62, 810
"Champignon", 3609.34, 117
"Ciruela", 921.39, 927
"Durazno", 126.94, 736
"Durazno", 167.34, 784
"Tomate", 768.89, 765
"Pera", 145.42, 1110
"Zuccini", 78.90, 648
"Manzana", 146.93, 840
"Coliflor", 38.67, 435
"Uva", 692.64, 351
"Morron", 2923.35, 636
"Lima", 1190.65, 164
"Apio", 52.72, 357
"Palta", 462.11, 480
"Lechuga", 33.41, 1035
"Zuccini", 69.99, 570
"Limon", 294.70, 763
"Batata", 25.18, 820
"Sandia", 55.16, 846
"Kiwi", 423.69, 320
"Papa", 8.32, 1070
"Tomate", 763.84, 1053
"Naranja", 10.05, 1180
"Frutilla", 290.08, 303
"Apio", 57.21, 321
"Pomelo", 47.80, 882
"Frambuesa", 2119.30, 100
"Rabanito", 244.39, 303
"Uva", 705.60, 270
"Rabanito", 208.05, 315
"Pera", 140.13, 1000
"Papa", 13.84, 1160
"Choclo", 59.64, 285
"Durazno", 271.79, 856
"Melon", 93.68, 332
"Limon", 292.49, 560
"Zanahoria", 32.02, 534
"Kinoto", 34.86, 194
"Lima", 1293.91, 224
"Tomate", 757.76, 1080
"Alcachofa", 143.40, 288
"Higo", 2505.77, 82
"Tomate", 718.80, 810
"Mandarina", 21.60, 1110
"Ciruela", 942.35, 936
"Batata", 21.44, 1050
"Acelga", 24.37, 828
"Palta", 490.34, 570
"Kiwi", 454.13, 452
"Uva", 762.99, 351
"Zuccini", 85.45, 570
"Batata", 24.60, 1160
"Pera", 151.86, 1010
"Uva", 706.28, 258
"Manzana", 143.94, 850
"Morron", 2924.31, 492
"Sandia", 62.70, 891
"Lima", 1397.07, 196
"Naranja", 9.00, 840
"Rabanito", 197.56, 291
"Cebolla", 67.80, 816
"Manzana", 146.64, 940
"Naranja", 3.22, 1090
"Kinoto", 41.95, 180
"Durazno", 288.78, 672
"Kiwi", 365.97, 328
"Limon", 324.71, 630
"Palta", 534.13, 525
"Naranja", 15.33, 1000
"Banana", 53.48, 1090
"Batata", 20.79, 930
"Lima", 1383.32, 194
"Cereza", 1104.10, 210
"Coliflor", 21.96, 550
"Palta", 518.87, 430
"Zanahoria", 37.67, 600
"Palta", 501.49, 430
"Pera", 150.89, 990
"Melon", 135.17, 344
"Acelga", 19.68, 972
"Pera", 140.20, 1150
"Frambuesa", 2134.61, 104
"Tomate", 745.38, 729
"Papa", 14.03, 1130
"Durazno", 159.42, 904
"Melon", 114.45, 392
"Acelga", 22.04, 774
"Morron", 2934.64, 714
"Palta", 1106.10, 420
"Esparrago", 624.84, 220
"Pera", 149.05, 950
"Lima", 952.50, 214
"Tomate", 712.92, 999
"Lima", 1264.38, 202
"Lima", 974.46, 234
"Rabanito", 244.35, 330
"Acelga", 17.09, 819
"TomCherry", 543.24, 208
"Rabanito", 255.32, 276
"Zuccini", 87.31, 570
"Pera", 150.50, 970
"Naranja", 16.83, 830
"Lima", 1189.85, 238
"TomCherry", 560.52, 206
"Palta", 502.71, 515
"Mandarina", 22.61, 800
"Papa", 19.39, 1040
"Cereza", 1046.48, 228
"Apio", 53.72, 258
"Durazno", 151.26, 960
"Ciruela", 952.69, 990
"Mandarina", 22.37, 1140
"Durazno", 168.91, 768
"Kiwi", 438.92, 388
"Durazno", 167.73, 880
"Mandarina", 10.03, 1140
"Coliflor", 18.26, 560
"Ciruela", 985.57, 801
"Lima", 1247.92, 232
"Mandarina", 19.47, 1030
"Lechuga", 37.13, 1080
"Banana", 73.21, 1060
"Durazno", 152.62, 888
"Brocoli", 328.68, 448
"Kinoto", 23.97, 180
"Caqui", 811.46, 112
"Papa", 18.00, 1100
"Coliflor", 30.10, 525
"Palta", 483.05, 540
"Lima", 1344.41, 230
"TomCherry", 539.65, 196
"Morron", 2970.02, 696
"Morron", 2890.85, 666
"Banana", 68.11, 860
"Choclo", 51.23, 252
"TomCherry", 534.59, 182
"Manzana", 129.41, 940
"Cereza", 1055.62, 216
"Mandarina", 9.54, 1040
"Lechuga", 30.77, 1053
"Kiwi", 409.03, 328
"Kiwi", 457.14, 440
"Ajo", 925.93, 115
"Ciruela", 974.55, 891
"Brocoli", 374.39, 464
"Apio", 52.33, 333
"Cereza", 988.49, 232
"Pomelo", 42.70, 1044
"Kinoto", 41.88, 182
"Mandarina", 21.49, 1050
"Mandarina", 18.25, 1100
"Lima", 1405.48, 236
"Cereza", 1010.64, 220
"Higo", 2500.91, 100
"Tomate", 753.29, 936
"Higo", 2478.87, 91
"Lima", 1174.37, 224
"Esparrago", 600.25, 236
"Pomelo", 47.81, 909
"Champignon", 3694.20, 112
"Mandarina", 10.51, 1090
"Berenjena", 55.47, 612
"Brocoli", 337.54, 404
"Choclo", 54.82, 345
"Limon", 311.68, 560
"Frambuesa", 2050.34, 83
"Sandia", 68.11, 1062
"Naranja", 11.04, 900
"Higo", 2503.14, 88
"Palta", 498.63, 490
"Lima", 1248.97, 184
"Sandia", 58.20, 792
"Ajo", 916.25, 85
"Rabanito", 210.24, 255
"Brocoli", 353.50, 388
"Zuccini", 76.64, 696
"Batata", 24.39, 1120
"Pera", 144.41, 880
"Coliflor", 24.41, 525
"Durazno", 158.90, 872
"Naranja", 13.03, 1110
"Ciruela", 956.29, 873
"Palta", 1119.98, 396
"Mandarina", 18.28, 1100
"Esparrago", 619.03, 180
"Durazno", 140.61, 784
"Naranja", 6.50, 940
"Repollo", 1.14, 567
"Champignon", 3693.28, 101
"Berenjena", 46.18, 666
"Ajo", 929.27, 96
"Calabaza", 21.88, 680
"Higo", 2476.54, 108
"Caqui", 754.57, 83
"Mandarina", 24.39, 970
"Brocoli", 369.33, 476
"Rabanito", 223.87, 267
"Tomate", 692.81, 765
"Lima", 1187.97, 232
"Coliflor", 19.67, 585
"Acelga", 20.82, 981
"Frambuesa", 2092.52, 113
"Cereza", 1063.71, 206
"Ajo", 856.94, 98
"Berenjena", 53.52, 702
"Zanahoria", 20.44, 672
"Coliflor", 31.09, 520
"Uva", 684.71, 297
"Mandarina", 13.62, 1140
"Cereza", 980.87, 172
"Durazno", 148.80, 648
"Palta", 506.40, 515
"Tomate", 748.60, 756
"Durazno", 270.51, 896
"TomCherry", 540.58, 230
"Manzana", 133.92, 910
"Esparrago", 600.75, 182
"Sandia", 54.96, 900
"Choclo", 63.39, 267
"Uva", 697.19, 246
"Manzana", 140.26, 1160
"Limon", 340.03, 840
"Frambuesa", 2007.89, 82
"Lima", 1224.23, 162
"Choclo", 65.89, 357
"Ciruela", 955.31, 1017
"Higo", 2527.50, 106
"Kiwi", 439.79, 472
"Frambuesa", 2069.70, 86
"Ciruela", 916.99, 756
"Pepino", 37.05, 480
"Cebolla", 64.72, 728
"Calabaza", 20.38, 784
"Coliflor", 19.74, 435
"TomCherry", 549.00, 208
"Batata", 23.99, 910
"Banana", 67.24, 1120
"Calabaza", 29.83, 808
"Pepino", 36.92, 525
"Lima", 1200.32, 238
"Durazno", 169.40, 888
"Esparrago", 631.02, 176
"Lechuga", 47.80, 864
"Champignon", 3619.26, 110
"Kiwi", 425.62, 436
"Naranja", 12.93, 960
"Ajo", 875.42, 104
"Champignon", 3603.75, 81
"Coliflor", 30.05, 490
"Ciruela", 969.26, 882
"Naranja", 16.18, 1100
"Limon", 316.86, 602
"Caqui", 824.77, 98
"Batata", 22.10, 1040
"Coliflor", 32.80, 580
"Caqui", 852.50, 115
"Manzana", 125.83, 1110
"Repollo", 11.93, 784
"Durazno", 147.45, 832
"Caqui", 862.59, 103
"Alcachofa", 128.44, 357
"Tomate", 730.25, 828
"Alcachofa", 144.26, 300
"Limon", 326.36, 735
"Morron", 2909.21, 582
"Brocoli", 358.20, 480
"Frutilla", 274.60, 291
"Frambuesa", 2092.19, 84
"Pomelo", 49.62, 981
"Zuccini", 76.33, 504
"Calabaza", 22.27, 896
"Durazno", 129.53, 704
"Alcachofa", 160.48, 321
"Ciruela", 914.01, 1008
"Cereza", 1040.22, 222
"Caqui", 890.72, 113
"Berenjena", 66.74, 684
"Berenjena", 56.11, 522
"Zanahoria", 29.99, 618
"Calabaza", 16.04, 960
"Coliflor", 28.14, 520
"Calabaza", 15.42, 784
"Melon", 111.79, 476
"Frambuesa", 1984.66, 117
"Batata", 17.87, 1100
"Palta", 1138.00, 396
"Durazno", 281.28, 816
"Choclo", 67.83, 297
"Higo", 2460.93, 93
"Melon", 112.26, 448
"Brocoli", 338.44, 476
"Zanahoria", 27.64, 654
"Mandarina", 14.12, 1100
"Rabanito", 206.10, 333
"Choclo", 46.16, 309
"Manzana", 133.82, 830
"Durazno", 168.73, 816
"Durazno", 307.09, 808
"Rabanito", 224.44, 270
"Higo", 2612.68, 98
"Coliflor", 30.99, 550
"Kinoto", 41.79, 186
"Sandia", 51.91, 918
"Lima", 1228.73, 240
"Pera", 148.80, 820
"Frutilla", 278.93, 246
"Choclo", 53.81, 348
"Rabanito", 220.60, 357
"Esparrago", 642.86, 162
"Kiwi", 384.57, 352
"Naranja", 21.58, 880
"Choclo", 58.82, 357
"Durazno", 173.76, 800
"Brocoli", 337.16, 336
"Higo", 2488.74, 96
"Batata", 23.22, 1130
"Mandarina", 17.95, 870
"Pomelo", 46.13, 1044
"Champignon", 3552.80, 117
"Coliflor", 42.83, 510
"Brocoli", 357.05, 412
"Ajo", 931.00, 120
"Durazno", 151.03, 744
"Pomelo", 49.68, 1008
"Kiwi", 429.18, 396
"Pomelo", 56.60, 909
"Durazno", 278.65, 856
"Batata", 12.16, 1190
"Lima", 1044.93, 164
"Lima", 1013.04, 166
"Uva", 702.34, 285
"Palta", 476.08, 580
"Rabanito", 225.47, 240
"Zanahoria", 21.76, 636
"Palta", 1132.13, 460
"Kinoto", 33.80, 168
"Coliflor", 30.94, 555
"Sandia", 53.79, 972
"Sandia", 58.92, 801
"Mandarina", 30.70, 830
"Champignon", 3605.69, 98
"Brocoli", 372.28, 372
"Morron", 2991.48, 648
"Lechuga", 46.02, 963
"Limon", 334.89, 763
"Lima", 1178.83, 178
"Durazno", 132.55, 848
"Banana", 57.45, 1090
"Naranja", 15.39, 1060
"Esparrago", 632.01, 212
"Rabanito", 229.08, 282
"Durazno", 145.23, 952
"Calabaza", 22.28, 760
"Uva", 720.15, 270
"Lima", 1040.85, 188
"Melon", 81.13, 460
"Lima", 1264.80, 224
"Mandarina", 23.57, 1020
"Pera", 150.58, 900
"Apio", 57.53, 324
"Palta", 1172.98, 464
"Cebolla", 60.94, 664
"Apio", 59.44, 312
"Acelga", 16.06, 729
"Mandarina", 20.08, 1140
"Durazno", 169.21, 784
"Pera", 147.28, 1070
"Frambuesa", 2027.06, 90
"Cereza", 1043.23, 222
"Kiwi", 427.66, 424
"Limon", 339.26, 679
"Lima", 1014.87, 192
"Kiwi", 447.90, 360
"Naranja", 9.28, 1010
"Ajo", 913.16, 98
"Lima", 1352.75, 210
"Pomelo", 44.17, 1071
"Caqui", 833.75, 87
"Lima", 1096.59, 170
"Uva", 684.87, 342
"Cereza", 1089.92, 238
"Champignon", 3607.25, 119
"Frutilla", 305.99, 297
"Repollo", 4.19, 651
"Sandia", 52.84, 900
"Esparrago", 632.69, 202
"Frutilla", 310.92, 282
"Frutilla", 284.74, 330
"Palta", 1146.31, 404
"Frutilla", 323.81, 306
"Tomate", 723.35, 819
"Brocoli", 375.38, 400
"Uva", 666.13, 246
"Pepino", 37.10, 425
"Mandarina", 22.08, 1080
"Berenjena", 55.05, 522
"Zuccini", 85.16, 504
"Durazno", 277.07, 896
"Durazno", 271.82, 792
"Palta", 471.04, 415
"Pepino", 35.58, 405
"Lechuga", 43.96, 1026
"Durazno", 158.64, 824
"Durazno", 123.83, 688
"Zanahoria", 31.14, 546
"Palta", 1158.55, 340
"Repollo", 5.04, 721
"Cereza", 1018.78, 216
"Pomelo", 43.71, 846
"Kiwi", 454.02, 428
"Naranja", 8.39, 1080
"Kiwi", 450.60, 408
"Palta", 1108.14, 400
"Limon", 303.56, 658
"Uva", 645.00, 249
"Pepino", 43.96, 565
"Coliflor", 21.96, 505
"Palta", 1174.83, 360
"Durazno", 303.22, 816
"Lechuga", 31.68, 729
"Sandia", 58.23, 855
"Limon", 328.13, 658
"Durazno", 178.24, 872
"Morron", 2809.57, 570
"Pepino", 23.56, 485
"Ciruela", 923.50, 801
"Acelga", 27.62, 1035
"TomCherry", 561.96, 184
"Durazno", 263.87, 952
"Papa", 23.87, 890
"Frambuesa", 2062.21, 90
"Cebolla", 65.99, 904
"Coliflor", 28.27, 530
"Lima", 1199.05, 234
"Palta", 460.67, 415
"Mandarina", 26.20, 1120
"Ciruela", 991.22, 729
"Ciruela", 975.35, 864
"Esparrago", 638.95, 166
"Acelga", 24.02, 1035
"Uva", 717.03, 243
"Caqui", 883.72, 86
"Berenjena", 54.39, 630
"Repollo", 9.91, 616
"Limon", 311.85, 728
"Ciruela", 957.89, 1017
"Pera", 144.38, 960
"Manzana", 147.27, 1130
"Berenjena", 54.38, 582
"Limon", 356.40, 784
"Pera", 149.04, 1030
"Durazno", 169.98, 920
"Tomate", 723.82, 1044
"Cebolla", 56.99, 952
"Palta", 468.68, 400
"Melon", 109.96, 388
"Limon", 324.45, 560
"Uva", 642.53, 288
"Manzana", 122.06, 840
"Calabaza", 23.47, 696
"Durazno", 276.38, 744
"Limon", 336.03, 833
"Choclo", 58.01, 270
"Uva", 694.01, 246
"Lima", 1043.35, 224
"Pomelo", 45.95, 909
"Pepino", 40.56, 440
"Choclo", 56.95, 297
"Durazno", 153.82, 768
"Limon", 317.43, 777
"Naranja", 13.26, 810
"Morron", 2897.98, 660
"Alcachofa", 157.18, 273
"Frambuesa", 2080.98, 94
"Apio", 46.42, 279
"Champignon", 3583.56, 82
"Mandarina", 21.29, 1060
"Ciruela", 927.65, 792
"Zuccini", 88.58, 720
"Papa", 20.52, 860
"Acelga", 16.02, 1062
"Durazno", 122.40, 672
"Papa", 15.58, 960
"Sandia", 77.55, 828
"Sandia", 55.34, 729
"Uva", 697.76, 240
"Durazno", 256.46, 688
"Calabaza", 25.38, 728
"Pomelo", 43.41, 828
"Lima", 1174.00, 168
"Repollo", 4.22, 707
"Kiwi", 407.15, 428
"Champignon", 3530.66, 116
"Tomate", 731.99, 756
"Mandarina", 29.03, 1200
"Ajo", 893.95, 96
"Alcachofa", 136.72, 357
"Acelga", 30.90, 963
"Mandarina", 23.44, 900
"Durazno", 175.72, 768
"Repollo", 4.63, 840
"Cereza", 1022.66, 214
"Mandarina", 22.56, 940
"Repollo", 3.13, 693
"Apio", 46.81, 357
"Cereza", 985.57, 220
"Caqui", 811.92, 83
"Naranja", 12.62, 1020
"Limon", 310.01, 819
"Morron", 2903.97, 624
"Pepino", 30.45, 445
"Kinoto", 34.18, 182
"Mandarina", 15.97, 830
"Coliflor", 38.30, 480
"Lima", 1271.98, 196
"Pomelo", 50.24, 738
"Lima", 1207.52, 208
"Morron", 2960.54, 648
"TomCherry", 554.41, 202
"Brocoli", 358.86, 436
"Tomate", 734.02, 747
"Mandarina", 18.05, 820
"Palta", 458.62, 415
"Cebolla", 75.98, 904
"Berenjena", 64.04, 552
"Calabaza", 22.39, 912
"Morron", 3002.30, 546
"Apio", 48.69, 327
"Melon", 81.84, 364
"Manzana", 133.54, 1100
"Limon", 313.03, 623
"Lechuga", 21.78, 918
"Lima", 1124.45, 186
"Coliflor", 26.31, 575
"Sandia", 70.60, 981
"Caqui", 800.11, 111
"Caqui", 806.47, 89
"Morron", 3040.44, 606
"Pepino", 31.47, 420
"Repollo", 5.56, 777
"Higo", 2541.34, 118
"Frutilla", 319.02, 288
"Acelga", 18.62, 1026
"Acelga", 26.02, 864
"Durazno", 167.65, 776
"Mandarina", 26.83, 950
"Rabanito", 231.84, 267
"Cebolla", 62.27, 728
"Apio", 59.54, 258
"Apio", 56.76, 327
"Coliflor", 37.54, 535
"Ciruela", 963.39, 792
"Lechuga", 40.12, 837
"Manzana", 155.96, 860
"Acelga", 25.63, 882
"Calabaza", 27.84, 832
"Coliflor", 22.50, 450
"Choclo", 66.20, 327
"Kiwi", 420.15, 360
"Lechuga", 39.09, 828
"Mandarina", 21.97, 1100
"Durazno", 150.61, 888
"Berenjena", 52.81, 720
"Pera", 148.45, 820
"Palta", 1175.96, 360
"Pomelo", 49.43, 900
"Cereza", 1021.09, 172
"Apio", 65.70, 288
"Palta", 1133.66, 416
"Brocoli", 354.37, 408
"Durazno", 138.75, 912
"Lechuga", 43.22, 738
"Brocoli", 392.58, 428
"Banana", 58.23, 1160
"Frambuesa", 2011.21, 115
"Tomate", 712.51, 981
"Caqui", 835.91, 100
"Cereza", 1069.13, 210
"Manzana", 133.60, 1060
"Limon", 359.01, 609
"Naranja", 12.89, 1010
"Pera", 142.17, 1110
"Batata", 15.59, 800
"Esparrago", 640.87, 184
"Higo", 2568.15, 105
"Champignon", 3612.48, 120
"Alcachofa", 161.34, 306
"Cebolla", 73.86, 776
"Ciruela", 931.21, 846
"Cereza", 1054.71, 228
"Sandia", 58.95, 891
"Kiwi", 454.48, 388
"Melon", 104.94, 320
"Lima", 1189.99, 238
"Manzana", 149.77, 960
"Morron", 2979.52, 558
"Pepino", 44.61, 540
"Tomate", 728.63, 837
"Frutilla", 311.93, 357
"Durazno", 273.76, 960
"Melon", 112.63, 408
"Choclo", 67.51, 273
"Cereza", 975.39, 182
"Naranja", 20.52, 960
"Coliflor", 20.77, 530
"Sandia", 51.40, 810
"TomCherry", 531.59, 190
"Ajo", 934.54, 82
"Choclo", 45.62, 333
"Morron", 3008.38, 546
"TomCherry", 523.84, 178
"Ciruela", 960.54, 891
"Calabaza", 16.34, 832
"Alcachofa", 148.43, 309
"Mandarina", 18.08, 980
"Palta", 510.10, 450
"Esparrago", 615.16, 196
"Palta", 457.35, 565
"Mandarina", 22.74, 1200
"Lima", 1226.59, 188
"TomCherry", 552.75, 178
"Higo", 2417.53, 103
"Coliflor", 35.40, 465
"Caqui", 818.21, 104
"Ajo", 905.91, 120
"Ciruela", 973.15, 891
"Lima", 1016.58, 204
"Calabaza", 16.74, 744
"Melon", 105.43, 424
"Rabanito", 234.32, 255
"Frutilla", 287.38, 315
"Cereza", 1018.73, 168
"Choclo", 48.51, 351
"Pepino", 40.05, 545
"Ciruela", 948.10, 738
"Morron", 2961.51, 684
"Uva", 674.09, 297
"Durazno", 181.93, 776
"Manzana", 148.40, 860
"Alcachofa", 120.17, 330
"Kiwi", 464.49, 452
"Ciruela", 997.39, 738
"Manzana", 141.84, 1040
"Cebolla", 67.06, 712
"Pomelo", 55.30, 927
"Apio", 47.10, 309
"Durazno", 266.98, 880
"Calabaza", 16.84, 824
"Ciruela", 973.69, 765
"Mandarina", 13.10, 1150
"Pera", 173.54, 1070
"Mandarina", 27.10, 970
"Mandarina", 17.68, 1040
"Limon", 311.59, 812
"Mandarina", 14.87, 1160
"Rabanito", 219.03, 354
"Lima", 1403.89, 176
"TomCherry", 534.52, 230
"Champignon", 3696.57, 101
"Calabaza", 20.60, 880
"TomCherry", 555.59, 214
"Pomelo", 50.64, 738
"Banana", 77.34, 840
"Cereza", 1043.78, 208
"Lima", 1137.64, 162
"Calabaza", 14.80, 944
"Pomelo", 44.32, 936
"Durazno", 177.59, 680
"Banana", 72.21, 840
"Manzana", 136.36, 1050
"Batata", 20.88, 940
"Melon", 102.71, 332
"Palta", 1185.63, 340
"Banana", 61.81, 900
"Pepino", 38.71, 580
"Rabanito", 211.44, 264
"Mandarina", 12.36, 910
"Esparrago", 596.89, 188
"Melon", 115.21, 408
"Durazno", 185.76, 768
"Frambuesa", 2015.18, 111
"Esparrago", 622.66, 172
"Uva", 691.38, 354
"Durazno", 167.20, 728
"Palta", 465.92, 535
"Tomate", 734.61, 810
"Durazno", 163.27, 648
"Lechuga", 51.39, 972
"Pepino", 37.90, 470
"Coliflor", 26.63, 600
"Brocoli", 363.69, 404
"Higo", 2470.37, 101
"Sandia", 51.21, 1044
"Lechuga", 35.01, 765
"Lechuga", 37.97, 918
"Palta", 479.92, 525
"Manzana", 138.85, 1130
"Limon", 310.20, 574
"Repollo", 8.51, 630
"Choclo", 58.99, 318
"Ajo", 941.43, 115
"Morron", 2896.29, 690
"Naranja", 13.67, 980
"Berenjena", 48.47, 540
"Lima", 1341.37, 162
"Naranja", 11.78, 900
"Kiwi", 451.62, 416
"Durazno", 242.13, 728
"Uva", 714.53, 315
"Zuccini", 74.80, 510
"Cereza", 1017.43, 172
"Uva", 715.46, 324
"TomCherry", 561.77, 224
"Sandia", 54.14, 1044
"Berenjena", 59.16, 630
"Limon", 306.91, 672
"Frambuesa", 2069.44, 94
"Caqui", 852.66, 105
"Pera", 166.36, 1070
"Banana", 59.52, 920
"Mandarina", 9.70, 920
"Berenjena", 54.88, 684
"Ciruela", 982.06, 981
"Palta", 1132.56, 436
"Tomate", 791.25, 999
"Lima", 1390.81, 220
"Zuccini", 83.54, 660
"Lima", 1374.85, 188
"Batata", 22.36, 950
"Frambuesa", 2081.59, 104
"Palta", 442.05, 565
"Zanahoria", 42.79, 576
"Calabaza", 19.19, 744
"Palta", 1154.32, 408
"Sandia", 64.38, 774
"Lima", 1383.72, 220
"Batata", 20.72, 810
"Pomelo", 56.79, 1035
"Frutilla", 307.39, 330
"Frutilla", 314.62, 351
"Lima", 1041.27, 164
"Lima", 1314.04, 172
"Palta", 462.62, 440
"Higo", 2493.03, 85
"Choclo", 50.92, 264
"Ciruela", 920.61, 720
"Rabanito", 234.58, 261
"Higo", 2515.94, 86
"Berenjena", 52.50, 690
"Brocoli", 325.48, 420
"Apio", 52.81, 360
"Tomate", 797.27, 747
"Morron", 2899.20, 576
"Caqui", 817.84, 114
"Pepino", 35.04, 400
"Sandia", 59.57, 1080
"Durazno", 188.05, 776
"Acelga", 24.81, 909
"Melon", 124.30, 400
"Kinoto", 38.14, 220
"Esparrago", 569.69, 180
"TomCherry", 552.42, 202
"Repollo", 2.54, 595
"Ciruela", 948.31, 729
"Choclo", 47.48, 279
"Limon", 344.59, 840
"Kiwi", 484.61, 340
"Brocoli", 364.58, 392
"Esparrago", 650.64, 160
"Sandia", 60.30, 909
"Tomate", 728.78, 891
"Melon", 98.29, 472
"Mandarina", 11.59, 1130
"Palta", 1187.24, 348
"Banana", 59.49, 1010
"Ciruela", 982.50, 1026
"Lima", 1190.05, 182
"Caqui", 785.71, 118
"Brocoli", 379.66, 424
"Papa", 14.17, 810
"Brocoli", 379.17, 344
"Repollo", 8.85, 770
"Acelga", 23.57, 774
"Morron", 2948.21, 636
"Batata", 26.86, 860
"Limon", 334.04, 840
"Papa", 20.17, 880
"Lechuga", 35.95, 864
"Zanahoria", 31.86, 546
"Batata", 13.45, 1090
"Lima", 1409.20, 164
"Pepino", 37.28, 585
"Durazno", 156.19, 912
"Acelga", 17.17, 936
"Lima", 1145.14, 226
"Berenjena", 53.86, 708
"Frambuesa", 2068.66, 112
"Coliflor", 20.00, 540
"Zanahoria", 25.41, 534
"Zanahoria", 33.58, 582
"Kiwi", 435.80, 428
"Sandia", 46.10, 936
"Cereza", 1032.35, 168
"Acelga", 20.62, 1071
"Acelga", 16.48, 963
"Papa", 21.22, 810
"Pepino", 26.65, 595
"Higo", 2556.39, 94
"Limon", 318.55, 812
"Morron", 2931.58, 642
"Banana", 57.79, 1030
"Lima", 1364.23, 164
"Acelga", 27.42, 972
"Calabaza", 14.69, 680
"Apio", 68.62, 249
"Durazno", 151.27, 912
"Pepino", 35.02, 440
"Morron", 2955.08, 696
"Pomelo", 48.90, 990
"Palta", 460.97, 400
"Frutilla", 285.80, 276
"Lima", 1305.02, 202
"Ciruela", 957.52, 1080
"Choclo", 41.40, 318
"Naranja", 13.30, 850
"Ajo", 963.77, 103
"Kiwi", 441.74, 424
"Naranja", 16.85, 910
"Acelga", 26.51, 846
"Choclo", 48.60, 276
"Lima", 1030.38, 230
"Brocoli", 358.65, 360
"Limon", 330.57, 735
"Durazno", 168.04, 696
"Calabaza", 25.10, 912
"Sandia", 66.70, 981
"Ciruela", 918.39, 909
"Pepino", 42.04, 450
"Choclo", 57.81, 285
"Sandia", 52.46, 720
"Ajo", 855.66, 108
"Coliflor", 22.49, 455
"Apio", 50.46, 360
"Calabaza", 22.98, 752
"Pomelo", 51.37, 738
"Champignon", 3617.13, 100
"Palta", 1130.55, 436
"Lechuga", 43.61, 936
"Morron", 2962.40, 594
"Calabaza", 18.48, 888
"Lima", 1006.98, 234
"Banana", 68.25, 1010
"Apio", 61.51, 309
"Uva", 758.90, 309
"Uva", 721.83, 345
"Palta", 478.78, 435
"Durazno", 183.67, 648
"Mandarina", 23.36, 1060
"Cebolla", 65.72, 920
"Durazno", 269.13, 832
"Melon", 98.28, 476
"Lechuga", 36.14, 1062
"Sandia", 56.72, 900
"Choclo", 51.01, 327
"Apio", 83.34, 282
"Higo", 2470.24, 80
"Repollo", 5.52, 567
"Pera", 159.22, 840
"Mandarina", 20.50, 920
"Esparrago", 606.43, 218
"Sandia", 69.60, 999
"Cebolla", 73.61, 672
"Champignon", 3675.95, 109
"Uva", 661.36, 264
"Rabanito", 222.77, 255
"Repollo", 6.61, 707
"Lima", 1207.05, 176
"Kinoto", 29.97, 178
"Rabanito", 252.67, 267
"Lechuga", 55.17, 756
"Sandia", 77.48, 1062
"Berenjena", 45.34, 654
"Cereza", 1080.73, 160
"Morron", 2990.08, 516
"Morron", 2971.27, 630
"Kinoto", 32.86, 198
"Naranja", 19.09, 940
"Zuccini", 95.19, 528
"Esparrago", 632.48, 234
"Pepino", 47.59, 490
"Frutilla", 312.06, 360
"Kinoto", 29.51, 164
"Palta", 496.91, 410
"Rabanito", 204.32, 297
"Acelga", 20.24, 954
"Brocoli", 357.49, 416
"Melon", 97.48, 480
"Alcachofa", 119.22, 261
"Kiwi", 444.64, 364
"Frambuesa", 2079.37, 91
"Lima", 1198.59, 164
"Palta", 471.39, 590
"Pera", 128.95, 1070
"Lima", 1327.67, 216
"Pomelo", 42.70, 801
"TomCherry", 559.49, 172
"Kinoto", 29.68, 168
"TomCherry", 566.76, 206
"Frambuesa", 2068.25, 117
"Lima", 1237.12, 212
"Frutilla", 257.51, 360
"Lima", 1038.24, 166
"Morron", 2949.60, 534
"Alcachofa", 170.97, 246
"Palta", 1132.83, 352
"Mandarina", 18.11, 970
"Rabanito", 250.69, 318
"Berenjena", 65.35, 654
"Cereza", 999.99, 186
"Naranja", 18.84, 1150
"Zuccini", 86.41, 576
"Melon", 108.87, 408
"Kinoto", 32.68, 172
"Naranja", 21.80, 920
"Mandarina", 13.76, 850
"Kiwi", 427.75, 460
"Manzana", 129.35, 1090
"Rabanito", 231.71, 348
"Naranja", 12.86, 970
"Batata", 23.75, 1190
"Frambuesa", 2056.61, 100
"Mandarina", 21.69, 1080
"Morron", 2936.18, 552
"Mandarina", 18.68, 810
"Durazno", 270.97, 648
"Pera", 164.62, 950
"Calabaza", 17.53, 736
"Frutilla", 295.99, 255
"Lima", 1383.64, 220
"Naranja", 14.84, 970
"Berenjena", 60.44, 606
"Uva", 696.95, 297
"Palta", 1181.37, 408
"Limon", 310.85, 784
"Tomate", 783.21, 738
"Rabanito", 207.49, 357
"Naranja", 16.81, 1120
"Mandarina", 26.12, 1130
"Berenjena", 45.44, 504
"Champignon", 3636.36, 117
"Repollo", 7.19, 602
"Batata", 15.76, 990
"Calabaza", 27.79, 928
"Papa", 19.03, 960
"Choclo", 64.73, 324
"Caqui", 861.52, 99
"TomCherry", 531.27, 194
"Uva", 774.24, 354
"Higo", 2504.69, 83
"Palta", 501.93, 515
"Lechuga", 33.62, 828
"TomCherry", 563.84, 234
"Cereza", 1049.02, 238
"Batata", 20.66, 990
"Lima", 1024.26, 204
"Choclo", 66.75, 261
"Kinoto", 30.37, 174
"Cebolla", 74.16, 920
"Mandarina", 20.97, 880
"Caqui", 817.71, 85
"Rabanito", 230.70, 300
"Durazno", 253.37, 736
"Pepino", 35.71, 405
"Frutilla", 285.33, 273
"Durazno", 199.55, 936
"Champignon", 3694.64, 103
"Palta", 471.27, 475
"Lima", 1033.90, 224
"Pepino", 42.74, 540
"Pepino", 36.59, 580
"Cebolla", 77.85, 696
"Lima", 1034.18, 198
"Papa", 20.54, 1010
"Apio", 55.71, 312
"Alcachofa", 155.80, 309
"Pomelo", 42.27, 918
"Pera", 138.32, 1020
"Frutilla", 284.07, 252
"Brocoli", 361.72, 420
"Rabanito", 213.43, 279
"Coliflor", 29.42, 410
"Palta", 1144.85, 412
"Berenjena", 64.26, 528
"Lima", 1228.13, 182
"Zanahoria", 38.57, 540
"Lima", 1298.26, 234
"Acelga", 25.96, 756
"Manzana", 158.20, 980
"Ajo", 921.13, 117
"Frutilla", 308.88, 360
"Berenjena", 52.91, 552
"Frutilla", 302.32, 348
"Zuccini", 79.86, 690
"Esparrago", 608.07, 190
"Zanahoria", 33.32, 576
"Durazno", 158.63, 752
"Melon", 105.47, 420
"Palta", 1162.48, 456
"Papa", 16.43, 930
"Esparrago", 614.84, 160
"Manzana", 135.90, 1040
"Pepino", 42.61, 435
"Pepino", 43.15, 405
"Cereza", 992.62, 228
"Zuccini", 102.04, 528
"Lima", 1306.88, 212
"Sandia", 60.09, 1053
"Uva", 694.54, 288
"Lima", 1403.05, 170
"Frambuesa", 2102.43, 117
"Berenjena", 61.72, 666
"Uva", 720.71, 267
"Durazno", 179.48, 656
"Mandarina", 24.07, 1180
"Morron", 2947.08, 678
"Pomelo", 52.43, 828
"Tomate", 720.07, 972
"Limon", 333.00, 623
"Durazno", 145.04, 920
"Lechuga", 35.87, 729
"Berenjena", 66.38, 558
"Naranja", 13.16, 1190
"Morron", 2984.45, 666
"Brocoli", 392.01, 356
"Zuccini", 85.39, 480
"Durazno", 272.34, 816
"Repollo", 1.85, 679
"Batata", 23.53, 1010
"Frutilla", 311.17, 351
"Melon", 107.75, 408
"Durazno", 143.76, 704
"Ajo", 967.37, 110
"Manzana", 145.58, 800
"Berenjena", 45.99, 504
"TomCherry", 554.66, 200
"Pomelo", 43.98, 846
"Durazno", 151.72, 880
"TomCherry", 597.48, 160
"Esparrago", 623.20, 234
"Ajo", 900.81, 93
"Kinoto", 34.58, 216
"Lima", 1173.94, 170
"Morron", 2889.85, 666
"Choclo", 49.43, 270
"Ciruela", 1014.62, 1026
"Zanahoria", 39.88, 654
"Coliflor", 21.64, 520
"Ajo", 942.82, 90
"Palta", 1171.31, 420
"Papa", 22.35, 810
"Brocoli", 335.98, 340
"Naranja", 9.98, 1130
"Banana", 64.05, 1120
"TomCherry", 495.96, 208
"TomCherry", 529.21, 196
"Cebolla", 54.74, 928
"Kinoto", 22.52, 224
"Mandarina", 26.99, 920
"Mandarina", 16.90, 1120
"Limon", 362.14, 728
"Acelga", 24.00, 1044
"Ciruela", 1016.33, 972
"Coliflor", 24.23, 540
"Uva", 677.57, 270
"Mandarina", 23.93, 850
"Frutilla", 302.74, 321
"Melon", 86.49, 360
"Naranja", 17.50, 1090
"Limon", 349.92, 609
"Champignon", 3562.59, 91
"Higo", 2559.12, 89
"Alcachofa", 160.56, 342
"Uva", 701.71, 306
"Banana", 60.17, 1030
"Palta", 494.98, 510
"Tomate", 836.05, 999
"Cereza", 996.29, 166
"Papa", 17.68, 800
"Melon", 110.51, 412
"Caqui", 800.08, 114
"Ciruela", 1041.59, 981
"Lima", 1033.81, 196
"Pomelo", 44.62, 873
"Acelga", 21.71, 792
"Tomate", 751.21, 810
"Brocoli", 390.03, 320
"Lima", 1198.01, 224
"Lima", 1334.43, 206
"Brocoli", 328.55, 416
"Durazno", 142.15, 816
"Kiwi", 378.07, 472
"Ajo", 845.23, 102
"Pepino", 34.45, 570
"Choclo", 54.64, 348
"Limon", 329.00, 644
"Rabanito", 187.62, 252
"Mandarina", 16.24, 1030
"Naranja", 11.53, 880
"Lechuga", 33.15, 900
"Melon", 111.29, 396
"Brocoli", 368.46, 376
"Kinoto", 37.31, 210
"Sandia", 44.75, 1008
"Alcachofa", 139.90, 321
"Rabanito", 224.55, 339
"Coliflor", 28.05, 420
"Pepino", 39.40, 525
"Frambuesa", 2065.83, 115
"Durazno", 147.01, 920
"Lechuga", 40.08, 810
"Caqui", 848.03, 95
"Lechuga", 41.19, 792
"Durazno", 267.19, 736
"Melon", 93.24, 380
"Durazno", 269.03, 800
"Lima", 1218.79, 238
"Acelga", 13.03, 891
"Durazno", 271.11, 768
"Ciruela", 956.21, 756
"Lima", 1074.69, 160
"Palta", 487.68, 475
"Champignon", 3600.17, 99
"Calabaza", 11.08, 640
"Ajo", 975.06, 91
"Batata", 27.54, 1080
"Caqui", 877.96, 83
"Uva", 694.54, 243
"Batata", 18.73, 850
"Cereza", 998.54, 240
"Choclo", 47.62, 345
"Berenjena", 69.85, 672
"Higo", 2475.98, 104
"Limon", 330.09, 637
"Cebolla", 63.45, 664
"Choclo", 57.40, 282
"Rabanito", 211.92, 360
"Brocoli", 339.60, 320
"Acelga", 28.77, 729
"Caqui", 836.12, 80
"Choclo", 60.37, 327
"Ciruela", 980.72, 909
"Mandarina", 13.64, 1130
"Choclo", 54.02, 330
"Palta", 1124.06, 440
"Lima", 1386.67, 240
"Ajo", 932.12, 84
"Durazno", 179.21, 648
"Uva", 735.38, 243
"Pomelo", 36.65, 1017
"Lima", 1230.08, 170
"Durazno", 258.75, 816
"Durazno", 327.30, 768
"Sandia", 71.55, 873
"Naranja", 15.81, 1080
"Mandarina", 19.80, 960
"Frutilla", 300.07, 357
"Limon", 329.29, 707
"Lima", 1384.15, 210
"Uva", 705.34, 249
"Uva", 750.28, 276
"Pera", 138.66, 1080
"Brocoli", 320.42, 328
"Naranja", 22.06, 1030
"Zanahoria", 46.11, 708
"Caqui", 857.47, 114
"Apio", 60.89, 294
"Papa", 17.48, 820
"Berenjena", 61.84, 678
"Frutilla", 309.48, 282
"Esparrago", 660.55, 238
"Durazno", 137.17, 832
"Batata", 26.57, 930
"Mandarina", 19.79, 1170
"Durazno", 290.42, 920
"Manzana", 147.94, 920
"Mandarina", 23.10, 1180
"Brocoli", 363.58, 356
"Pepino", 50.13, 435
"Pera", 150.71, 880
"Lima", 1038.40, 214
"Durazno", 241.27, 888
"Brocoli", 354.92, 376
"Ajo", 855.54, 92
"Ajo", 932.60, 99
"Zuccini", 86.38, 576
"Zuccini", 80.45, 492
"Acelga", 20.36, 855
"Calabaza", 16.43, 680
"Repollo", 3.14, 826
"Ciruela", 925.62, 747
"Esparrago", 601.09, 204
"Lechuga", 40.06, 990
"Banana", 48.88, 910
"Papa", 16.11, 930
"Melon", 94.20, 420
"Ciruela", 1018.83, 972
"Pera", 149.78, 1040
"Ciruela", 938.33, 945
"Alcachofa", 148.09, 252
"Ciruela", 952.67, 729
"Palta", 529.88, 570
"Banana", 84.40, 1060
"Pepino", 37.22, 560
"Lima", 1195.80, 216
"Zanahoria", 42.28, 696
"Palta", 1164.02, 464
"Zanahoria", 42.37, 552
"Lima", 1221.33, 176
"Banana", 72.76, 830
"Mandarina", 28.60, 920
"Cebolla", 77.14, 944
"Palta", 484.70, 510
"Cebolla", 66.36, 680
"Uva", 710.71, 345
"Pera", 165.85, 920
"Frambuesa", 2006.68, 90
"Manzana", 131.87, 930
"Naranja", 9.28, 830
"Cebolla", 79.42, 816
"Choclo", 53.31, 306
"Mandarina", 20.33, 1150
"Berenjena", 54.30, 624
"Coliflor", 22.22, 425
"Lima", 1028.50, 174
"Higo", 2552.69, 105
"Acelga", 18.63, 891
